old_path,new_path,role,status,source_revision,entrypoint,changes,new_sha256
field-tools/sweepick_pick01.py,2ARM_ROBOT/sweepick/src/sweepick/integration/sweepick_manipulation_session.py,integration,canonical + same-module compatibility alias,5642de70135b4846101c502e882e2e221218ad33d9d8106d7151149286e58500,sweepick.integration.sweepick_manipulation_session,import/resource/metadata prose only,581d5f91db8b771f94cc9efd2fd3f31ccf3d4df4967048c8ebc3dad6a06b1f93
field-tools/sweepick_full_chain.py,2ARM_ROBOT/sweepick/src/sweepick/manipulation/sweepick_bimanual_handover.py,manipulation,canonical + same-module compatibility alias,a2e0487d81e586c0dc7550280807f11987dc3b181ba0e860d309f523dcfdea5e,sweepick.manipulation.sweepick_bimanual_handover,import/resource/metadata prose only,0b99b86f0e7acf76ed22cee34d6144331a5b3adeeaa899af0574c4b7e86da2bb
field-tools/sweepick_move_a.py,2ARM_ROBOT/sweepick/src/sweepick/control/sweepick_trajectory_executor.py,control,canonical + same-module compatibility alias,ed13179a189d281a49260efdde82d95fb4326a42799fbc292b8aa506120827ba,sweepick.control.sweepick_trajectory_executor,import/resource/metadata prose only,f7022fcfec38fd2f7c1abe2ec9224b0b100f3989d65815ece53df1e246938211
field-tools/sweepick_real_command.py,2ARM_ROBOT/sweepick/src/sweepick/control/sweepick_joint_command_mapping.py,control,canonical + same-module compatibility alias,995765c14e6a4303c2b71b7e0ee836d1880608f4558b93bf9187a6aeac022408,sweepick.control.sweepick_joint_command_mapping,import/resource/metadata prose only,995765c14e6a4303c2b71b7e0ee836d1880608f4558b93bf9187a6aeac022408
field-tools/sweepick_real_exec.py,2ARM_ROBOT/sweepick/src/sweepick/control/sweepick_command_application.py,control,canonical + same-module compatibility alias,2c9d9f14199fd9276a6437ac07d01852c61e86401533ce83929eef8027b915c8,sweepick.control.sweepick_command_application,import/resource/metadata prose only,d8c259beee33d12c79c46b9cef566384a1b4145d6760977d1af68d88a16f8420
field-tools/sweepick_trajectory.py,2ARM_ROBOT/sweepick/src/sweepick/control/sweepick_trajectory_profile.py,control,canonical + same-module compatibility alias,4e9ba7ae2122fd5f3021067e7b677fa055bc87d87501ddbde0c6ce6d6288ede2,sweepick.control.sweepick_trajectory_profile,import/resource/metadata prose only,d33979fdbee376aa635717f6b6db1a87b7fd9a30a21dca55a51370e3580151b4
field-tools/sweepick_progress.py,2ARM_ROBOT/sweepick/src/sweepick/control/sweepick_motion_progress.py,control,canonical + same-module compatibility alias,b248eea611b6b477f6ac3597c6d21b192208b92dad31a7cb8fe60d91e1588223,sweepick.control.sweepick_motion_progress,import/resource/metadata prose only,51d1213f83996fe9dbbef3ac5e37252750e2fe82f9ebdc1a773e9b2cd840d421
field-tools/sweepick_grasp.py,2ARM_ROBOT/sweepick/src/sweepick/control/sweepick_gripper_contact_hold.py,control,canonical + same-module compatibility alias,e7ee0f4c3557473c5c0f4bdeff124c6442f1225634171c704cbfe5daddbb63a2,sweepick.control.sweepick_gripper_contact_hold,import/resource/metadata prose only,428723298d552ecb448bdfeb4eceed2481eb4f9a21b0e77c0e64dbbd2eae1973
field-tools/sweepick_gates.py,2ARM_ROBOT/sweepick/src/sweepick/control/sweepick_execution_gates.py,control,canonical + same-module compatibility alias,e48b9a7284ac6e51d96f2f611f6e1e73d5277f55c08108cc700fb8c7282216a4,sweepick.control.sweepick_execution_gates,import/resource/metadata prose only,b524b23e94b0044fceba4ad02a48bb466a3ba772a6990c169f8163ddefe7d38e
field-tools/sweepick_commission.py,2ARM_ROBOT/sweepick/src/sweepick/control/sweepick_servo_access.py,control,canonical + same-module compatibility alias,83a78a7e20e584b74250de242ef36ba75d2df36f307b45ae7ffd4e8ef19b4504,sweepick.control.sweepick_servo_access,import/resource/metadata prose only,3e46f2aa092d004b5e5170e79ff3c7d71cf5bddc1ef98c600ff46f996e088990
field-tools/sweepick_kin.py,2ARM_ROBOT/sweepick/src/sweepick/control/sweepick_joint_kinematics.py,control,canonical + same-module compatibility alias,cda0df99d5362cbe6c2ad0174771da7926c10a929aa4a03b0154b7d68e5d7dd1,sweepick.control.sweepick_joint_kinematics,import/resource/metadata prose only,cda0df99d5362cbe6c2ad0174771da7926c10a929aa4a03b0154b7d68e5d7dd1
field-tools/sweepick_collision_cert.py,2ARM_ROBOT/sweepick/src/sweepick/control/sweepick_collision_preview.py,control,canonical + same-module compatibility alias,1ad20372d2962cceadd5f62816d9db7c2bad1d2cd4f45ee1b8bd6c5e1c3f94b8,sweepick.control.sweepick_collision_preview,import/resource/metadata prose only,b5760cf5871aea9f73df56720eee0b9a94e3ec86d2583b3c4ecbe5b1a6ceb54b
field-tools/sweepick_field.py,2ARM_ROBOT/sweepick/src/sweepick/perception/sweepick_observation_capture.py,perception,canonical + same-module compatibility alias,29fe262ab3f930684c067a11a8523e4c8997db930534f8eaa3ebbb285f8c3aa2,sweepick.perception.sweepick_observation_capture,import/resource/metadata prose only,b26af5a0a660f8e3b6b77f2fdaf67f6bcbdc2c73e903d62a5d4ddf58d797b589
field-tools/sweepick_field_r6.py,2ARM_ROBOT/sweepick/src/sweepick/perception/sweepick_feedback_observation.py,perception,canonical + same-module compatibility alias,1a86ec4240dba5ae7a9d95d662aacd31e1519c4436dea94be31e5d88958aed9b,sweepick.perception.sweepick_feedback_observation,import/resource/metadata prose only,7391d08bf9a106974fad444c8b2181232c56f3c46adaf390dbc75e82bf13e168
field-tools/sweepick_sdk_top.py,2ARM_ROBOT/sweepick/src/sweepick/perception/sweepick_os30a_observation.py,perception,canonical + same-module compatibility alias,d8c6d280825f17883069f74e992d65af3f14e1a57fbede265c6379a91dabd589,sweepick.perception.sweepick_os30a_observation,import/resource/metadata prose only,d8c6d280825f17883069f74e992d65af3f14e1a57fbede265c6379a91dabd589
field-tools/sweepick_view.py,2ARM_ROBOT/sweepick/src/sweepick/perception/sweepick_observation_view.py,perception,canonical + same-module compatibility alias,2ebb7097ce15960cede8cfa2e1ab7ecf64fc90a19e67730cf07cbb40b6195045,sweepick.perception.sweepick_observation_view,import/resource/metadata prose only,5a7badd61acc80b9188fdc87983ab49cd475f87cef2a0d98b099d012d3ba9453
field-tools/sweepick_local_loop.py,2ARM_ROBOT/sweepick/src/sweepick/integration/sweepick_observation_session.py,integration,canonical + same-module compatibility alias,fefe8b3be4513c85c9e5200e0e995d15b3bf767f25fa17b8e85f0258b1a3149f,sweepick.integration.sweepick_observation_session,import/resource/metadata prose only,8918e58370fbc0ff9b06e0aa02c49bf9f10c51b0a4372b3e8c8b03a247d077c3
field-tools/sweepick_real_rig.py,2ARM_ROBOT/sweepick/src/sweepick/integration/sweepick_replay_rig.py,integration,canonical + same-module compatibility alias,e2c04caf5a031c26d4e95c6e4da9bb15574155700f346b4dc831069d17c55ebf,sweepick.integration.sweepick_replay_rig,import/resource/metadata prose only,c0e4dcef42695e7ed3f83feae1bf67508ac3dfc6df61f2030b688b35ef7acb0a
field-tools/sweepick_episode.py,2ARM_ROBOT/sweepick/src/sweepick/recording/sweepick_episode_recorder.py,recording,canonical + same-module compatibility alias,80de9ad5d98184d0a6ba81d83c7995e2be151ae0b3a2799379768802dc974cac,sweepick.recording.sweepick_episode_recorder,import/resource/metadata prose only,d809c384d886ec0feb26b29162b840445ad63d283b329bb9150d4d9ff4192c14
field-tools/sweepick_contact01.py,2ARM_ROBOT/sweepick/src/sweepick/control/sweepick_gripper_contact_inspection.py,control,canonical + same-module compatibility alias,88b8ef05ff79fd6df6bb7b2f8e5f682df3d8f132fab6b3f01c69ead3cc688a7a,sweepick.control.sweepick_gripper_contact_inspection,import/resource/metadata prose only,59f33026e4b3b8f5411bdc09521285e381e21ffdf6defcce3a680460dcc0c322
field-tools/sweepick_read03_capture.py,2ARM_ROBOT/sweepick/src/sweepick/perception/sweepick_wrist_capture.py,perception,canonical + same-module compatibility alias,c7c1dde7370dc6ea49a7c4210f11a0222c9bba230b9360138dcfdbe0a07b7349,sweepick.perception.sweepick_wrist_capture,import/resource/metadata prose only,21b53e39ebd081f7c58f4d5370fa7fc532d50911692d372e471b911e2b2ea0b5
field-tools/_codex_receive_pin_2303/sweepick_261008_receive_real_adapter.py,2ARM_ROBOT/sweepick/src/sweepick/integration/sweepick_handoff_snapshot_adapter.py,integration,canonical + same-module compatibility alias,873d1a0ce36249db4e320e2418702960bd1c080d22d82aeadb02ea1310204c4b,sweepick.integration.sweepick_handoff_snapshot_adapter,import/resource/metadata prose only,873d1a0ce36249db4e320e2418702960bd1c080d22d82aeadb02ea1310204c4b
field-tools/_codex_receive_pin_2303/sweepick_261008_receive_runtime.py,2ARM_ROBOT/sweepick/src/sweepick/integration/sweepick_receive_runtime.py,integration,canonical + same-module compatibility alias,619c58fd0abbd71af7faa5539f3593f596c5629e82039d6921b2056296c18b1d,sweepick.integration.sweepick_receive_runtime,import/resource/metadata prose only,e246346819f5d5f87350337959e103f5782d8a79ff01b3547e92d772fd7655ad
field-tools/_codex_receive_pin_2303/sweepick_261008_receive_session.py,2ARM_ROBOT/sweepick/src/sweepick/integration/sweepick_receive_session.py,integration,canonical + same-module compatibility alias,9e54fbd0b787760a1cdf324a4d152c2b67baa682b5477f8c23bb29dcd4519eab,sweepick.integration.sweepick_receive_session,import/resource/metadata prose only,9e3d62d395f3f36816c3386089321e50d065255558ff80c5d9b4eb3fed1429c2
field-tools/_codex_receive_pin_2303/sweepick_261008_receive_plan.py,2ARM_ROBOT/sweepick/src/sweepick/manipulation/sweepick_right_receive_planner.py,manipulation,canonical + same-module compatibility alias,8c32fc4da741d82f822a7ecf384d6ab51aa4cb9d314fbe0bb4f7b3378c418b62,sweepick.manipulation.sweepick_right_receive_planner,import/resource/metadata prose only,d2bccc3a1d6ddc7ada299422de869feed270b327ff4fee1135c9a6d916eacbe9
field-tools/_codex_receive_pin_2303/sweepick_261008_receive_entry.py,2ARM_ROBOT/sweepick/src/sweepick/manipulation/sweepick_right_receive_dispatch.py,manipulation,canonical + same-module compatibility alias,0554dd819120fd1465790cc81f8ba86a3a81733bd52349d64b8a615dc7ca4b21,sweepick.manipulation.sweepick_right_receive_dispatch,import/resource/metadata prose only,7b1d7efe5ca2a108a90a4be306b37aa4fe1bdaaca309e81289c5c0ec421e681e
field-tools/_codex_receive_pin_2303/sweepick_261008_full_episode.py,2ARM_ROBOT/sweepick/src/sweepick/integration/sweepick_manipulation_handoff.py,integration,canonical + same-module compatibility alias,1fe355fcaf98f241e0e29a752d07be81bc0f7e847dab8631bd37db6e2d64641a,sweepick.integration.sweepick_manipulation_handoff,import/resource/metadata prose only,240cc61fb6634929b2b78dedbe0ab0441737abc548458fc5ece842e8b678dc15
field-tools/_codex_receive_pin_2303/sweepick_261008_concrete_bindings.py,2ARM_ROBOT/sweepick/src/sweepick/integration/sweepick_controller_bindings.py,integration,canonical + same-module compatibility alias,cce120eab73d7335997761103b287fd689d2353f1f7b0be305fa921b5a4f906c,sweepick.integration.sweepick_controller_bindings,import/resource/metadata prose only,e728038606325f16053cccf8e2c35f3d319dc791375939f1b8d0955f2f01f973
field-tools/test_sweepick_commission.py,2ARM_ROBOT/sweepick/tests/sweepick_261008_control_fake_bus.py,existing synthetic fake-bus helper,Fake/START/LO/HI/IN retained; archive test body preserved in original only,3984321f659ecb928b3c04074ce4b3bee3945981bee47c2beda942ada84036a2,test_sweepick_servo_access,helper extraction only; no archived controller copied,b91b64e325e254c475def38bf4368fd1b783a89d1031951afc55ed43e7385352
field-tools/test_sweepick_contact01.py,2ARM_ROBOT/sweepick/tests/test_sweepick_gripper_contact_inspection.py,test fixture,test only,36b730db2fe4afb971923de23a1a6bd86d7c195ac1f5a98ca8236c791aca13e0,test_sweepick_gripper_contact_inspection,import/resource references only,bdb41d87504a5f5d50d9442c4acb8b2409d920cd010fd3f21abd04512c1f5503
field-tools/test_sweepick_episode.py,2ARM_ROBOT/sweepick/tests/test_sweepick_episode_recorder.py,test fixture,test only,5981eac0fe077988ea2787fd43fb05aeab0d3fabcb2e89ea88ca0d4920bd4f4a,test_sweepick_episode_recorder,import/resource references only,e69775f5cb82d05962aad020b504dd6a8ed48ad752ba52ca617e4f3afd464f51
field-tools/test_sweepick_full_chain.py,2ARM_ROBOT/sweepick/tests/test_sweepick_bimanual_handover.py,test fixture,test only,98bb4642e9b0d900544e76ef2a0d224afc054801cec25c2959b7a16b44856495,test_sweepick_bimanual_handover,import/resource references only,85e6ac8c3cc047bd2b9c7d45737a6a72b844cf5e9cc792050c0666adfe3ce5f1
field-tools/test_sweepick_grip.py,2ARM_ROBOT/sweepick/tests/test_sweepick_gripper_execution.py,test fixture,test only,5d30bbf2bc61e3c96f5d4602d3be14e6fa38288ed7207c70cd9b62e223b9709e,test_sweepick_gripper_execution,import/resource references only,eb0c9f216b242770bd205d811315cb618fa5e662c501513c12e9e6377f6848d8
field-tools/test_sweepick_hard_gate_allowlist.py,2ARM_ROBOT/sweepick/tests/test_sweepick_execution_gates.py,test fixture,test only,c41c46b1f17ac0d8093870aaa30c6b84c5526db91757f27991a77761d30de445,test_sweepick_execution_gates,import/resource references only,b956936b8242ad7643cf74b7b4c521e432e5bcbb666a08e6de8ee781bebd5fcf
field-tools/test_sweepick_local_loop.py,2ARM_ROBOT/sweepick/tests/test_sweepick_observation_session.py,test fixture,test only,1a932cb1fc4fa3f675ba4152d54c6db9b6e2b3836841bcab063589e9fc67c975,test_sweepick_observation_session,import/resource references only,d4f3fc43d74c64e834f66a4db595aa6c03e5059d4729ee8ba791b4d9a84f3aa6
field-tools/test_sweepick_move_a.py,2ARM_ROBOT/sweepick/tests/test_sweepick_trajectory_executor.py,test fixture,test only,ec292631e2c9334156a82cc941d7af7250eec054c57dd3dfa21b32b6dc1c2b8f,test_sweepick_trajectory_executor,import/resource references only,56c10b07985736ce924ef00e71dbf895052e62afee593ecc7a6910b9b2ddf03a
field-tools/test_sweepick_no_discrimination_recovery.py,2ARM_ROBOT/sweepick/tests/test_sweepick_gripper_recovery.py,test fixture,test only,7e993f1ca4ed1c7e0e7819bccbd98267a291c983a19fd90ba0463c784cc4b6ff,test_sweepick_gripper_recovery,import/resource references only,fd89ac3fd42335fbd3b4a3f160e5c94543f3f06122680540aa7787dd1181f4ba
field-tools/test_sweepick_pick02_actual.py,2ARM_ROBOT/sweepick/tests/test_sweepick_manipulation_session.py,test fixture,test only,0c6854e9e0eaad5f968ac56dc17db7c3d8bdb30b58b0407eb0213e57adf1ebd6,test_sweepick_manipulation_session,import/resource references only,099b7d60a78918ffa2059053f021d3789af5c86e171f2e6f774f7cc377ca3010
field-tools/test_sweepick_r6_field.py,2ARM_ROBOT/sweepick/tests/test_sweepick_feedback_observation.py,test fixture,test only,61c420ec643c4d91c527450cf2d918177674b5e17ed307fc45aa8417a186576a,test_sweepick_feedback_observation,import/resource references only,fe202e4a2553bf68c0952f41520c366c4a0983b9b5d162db6e0a9825d8898596
field-tools/test_sweepick_real_command.py,2ARM_ROBOT/sweepick/tests/test_sweepick_joint_command_mapping.py,test fixture,test only,b26bf50c7ec06154b456628923061964927eed523de8659b0deb950910605d6d,test_sweepick_joint_command_mapping,import/resource references only,509797e16f99c49702aebeab64974fc89bb508b519e5822c04fc5fcf95ff6e83
field-tools/test_sweepick_real_exec.py,2ARM_ROBOT/sweepick/tests/test_sweepick_command_application.py,test fixture,test only,623c6ae182285106905aaadf77fc839c2b80e2c68c075c568c63a6e90c82a0f4,test_sweepick_command_application,import/resource references only,b76ccaab8541ec9d7ac83e668b0a9f9e4e939d074d8336def9ab1b9f0ad74e6f
field-tools/test_sweepick_trajectory.py,2ARM_ROBOT/sweepick/tests/test_sweepick_trajectory_profile.py,test fixture,test only,6e7f954ffbb09532d154fe9bc672dc0e5fe584c2d7811573f6c381ede497a1ae,test_sweepick_trajectory_profile,import/resource references only,8a8c181f658830af4191dc49e4c219452c7231b95c65a36507336daa8ede6ca8
field-tools/sweepick_chain_fixture.py,2ARM_ROBOT/sweepick/tests/sweepick_261008_manipulation_chain_fixture.py,test fixture,test only,f3b2ff149b5a10c4be3c39488c31d9934e58279627c19b66246c4471228b6a9f,sweepick_261008_manipulation_chain_fixture,import/resource references only,e816d447fa8d1687c3b1ea04c04784caa8bcf93dd94f4e570d1be2d937cce5d8
field-tools/sweepick_HARD_GATE_ALLOWLIST.json,2ARM_ROBOT/sweepick/src/sweepick/config/sweepick_HARD_GATE_ALLOWLIST.json,profile/evidence/gate metadata,byte-identical; existing measured/provisional scope retained,1f09c3ae199408d637c5ba64b9d620f3d81dfc5e4611594febd874bf49d8397d,source_path,path only,1f09c3ae199408d637c5ba64b9d620f3d81dfc5e4611594febd874bf49d8397d
field-tools/sweepick_PROGRESS_EVIDENCE.json,2ARM_ROBOT/sweepick/src/sweepick/config/sweepick_PROGRESS_EVIDENCE.json,profile/evidence/gate metadata,byte-identical; existing measured/provisional scope retained,b222476c68806f946664ba103705a0e0eece7c20a0a3142425079032dbc20cbc,source_path,path only,b222476c68806f946664ba103705a0e0eece7c20a0a3142425079032dbc20cbc
field-tools/sweepick_jaw_profile_left.json,2ARM_ROBOT/sweepick/src/sweepick/config/sweepick_jaw_profile_left.json,profile/evidence/gate metadata,byte-identical; existing measured/provisional scope retained,63e42112d4c1b8a64d5e6d196227aeecbf80f96f2dff613c0d00572f6798bd4d,source_path,path only,63e42112d4c1b8a64d5e6d196227aeecbf80f96f2dff613c0d00572f6798bd4d
field-tools/sweepick_motion_profile.json,2ARM_ROBOT/sweepick/src/sweepick/config/sweepick_motion_profile.json,profile/evidence/gate metadata,byte-identical; existing measured/provisional scope retained,f11c05c42016fbe455e08d9a5baf16fe671f47e56e03be722503f0007a0935d3,source_path,path only,f11c05c42016fbe455e08d9a5baf16fe671f47e56e03be722503f0007a0935d3
field-tools/sweepick_progress_profile.json,2ARM_ROBOT/sweepick/src/sweepick/config/sweepick_progress_profile.json,profile/evidence/gate metadata,byte-identical; existing measured/provisional scope retained,ef54eb126522864bcf0e2907f555b7c8c33b8c559336423ec55fb8d6ecfabb43,source_path,path only,ef54eb126522864bcf0e2907f555b7c8c33b8c559336423ec55fb8d6ecfabb43
(new structural path support),2ARM_ROBOT/sweepick/src/sweepick/integration/sweepick_resource_paths.py,source/resource path correspondence,structure only,N/A,sweepick_resource_paths,path correspondence and device-free verification,96b8b3439cee5875aa18b20afd9aa34d55f34afd4d314e401c4be75ae14b2464
(new structural path support),2ARM_ROBOT/sweepick/tests/test_sweepick_repository_paths.py,structure/alias/resource/override test,structure only,N/A,test_sweepick_repository_paths,path correspondence and device-free verification,71dd5bd138742acdb08d940f2c9f838eef7abbf57ed7cd25157ab07bc3c4126c
